Date,Return - INFY,Return - IRCTC,Return - TATAELXSI
2021-06-01,-0.004699587,-0.004518710,-0.009372767
2021-06-02,-0.006163442,0.012324456,-0.004986979
2021-06-03,0.007978820,0.002007323,-0.006306706
2021-06-04,-0.002878423,-0.000052006,-0.000728574
2021-06-07,0.002886732,0.090076483,0.013137445
2021-06-08,0.016766759,0.023892520,0.035718253
2021-06-09,0.001663256,-0.034338091,-0.008698454
2021-06-10,0.006359076,0.016970836,0.023534182
2021-06-11,0.015867426,-0.005981886,0.006123578
2021-06-14,0.010297895,-0.014017899,-0.002735553
2021-06-15,0.008277449,0.016251673,-0.003123726
2021-06-16,0.004545730,-0.003813261,-0.005858809
2021-06-17,0.009928457,-0.018923905,-0.010886081
2021-06-18,0.005350097,-0.018874345,-0.025278869
2021-06-21,-0.001995610,0.032385542,-0.004217051
2021-06-22,0.007698411,0.002961242,0.017960562
2021-06-23,-0.005754507,-0.002280394,-0.007791962
2021-06-24,0.037288312,-0.002550218,0.021633716
2021-06-25,0.009620318,-0.001977875,0.007620015
2021-06-28,-0.001524522,0.004301905,0.015270734
2021-06-29,-0.005566866,0.001973305,0.046194658
2021-06-30,0.011356002,-0.023056431,0.075281944
2021-07-01,-0.012904874,0.000467099,-0.014067283
2021-07-02,0.004742390,0.012654792,0.043781986
2021-07-05,0.007111814,0.054864033,-0.011400707
2021-07-06,-0.010608316,-0.002162316,-0.015254406
2021-07-07,0.001536311,0.009013793,-0.015224048
2021-07-08,-0.002460678,0.002490340,-0.011208990
2021-07-09,0.001377558,0.006996689,0.022957824
2021-07-12,-0.009629565,0.024284216,0.009789611
2021-07-13,-0.001873583,0.005104132,-0.006870463
2021-07-14,0.020680329,-0.003539352,0.014892088
2021-07-15,0.002473223,0.000838345,0.026373644
2021-07-16,-0.016036246,0.069809952,-0.041106771
2021-07-19,-0.008839886,-0.000885981,-0.018430457
2021-07-20,0.005416163,-0.018086181,-0.007813702
2021-07-22,0.025902326,-0.006510839,0.013423699
2021-07-23,0.000157213,-0.016827668,0.000635734
2021-07-26,0.008456772,-0.005182022,-0.011813642
2021-07-27,-0.000841683,-0.007673062,-0.005560739
2021-07-28,0.001903171,-0.005183886,0.000299347
2021-07-29,0.007100165,0.016399163,0.023928704
2021-07-30,-0.004019790,0.004394488,-0.011936144
2021-08-02,0.013070505,0.059022838,-0.000733595
2021-08-03,0.014495358,-0.000425274,0.023231056
2021-08-04,-0.003594702,0.009441425,-0.016096139
2021-08-05,0.002607275,-0.007325982,0.003104827
2021-08-06,-0.002026003,0.005944442,-0.008230555
2021-08-09,0.007938491,0.064560272,0.009185499
2021-08-10,0.008386912,-0.003247549,-0.006958205
2021-08-11,0.000178893,-0.025515175,-0.010215706
2021-08-12,0.007183051,0.045699309,0.023431053
2021-08-13,0.013375932,-0.010818661,0.008268120
2021-08-16,-0.004555500,-0.011688713,0.017266868
2021-08-17,0.021855198,0.015211439,0.070710831
2021-08-18,-0.004708221,0.018523403,0.001473982
2021-08-20,-0.000288442,-0.026755646,0.002202343
2021-08-23,0.003346922,-0.034841104,-0.009994568
2021-08-24,-0.010294766,0.004189372,0.012934092
2021-08-25,0.008542333,0.027955329,0.013516910
2021-08-26,-0.004523118,-0.005613429,0.010717206
2021-08-27,-0.010939343,0.010298590,0.001450100
2021-08-30,-0.006290964,0.018518515,-0.008606062
2021-08-31,0.004946793,0.020109418,-0.011560533
2021-09-01,-0.016818513,-0.002089433,0.016254583
2021-09-02,0.006764998,0.030477906,0.015344932
2021-09-03,0.006837990,0.014116840,-0.007495562
2021-09-06,0.017493311,0.048259546,-0.001985304
2021-09-07,-0.013725150,0.092574147,0.008859216
2021-09-08,-0.007851653,0.002890298,-0.011159651
2021-09-09,-0.000974472,-0.000424750,0.013187086
2021-09-13,0.000177375,0.042716273,0.016342847
2021-09-14,-0.003398546,0.088102999,-0.004451681
2021-09-15,0.015004553,-0.015032955,0.025345880
2021-09-16,-0.005375530,0.023749053,0.007861735
2021-09-17,-0.006432634,0.024856077,0.065400846
2021-09-20,-0.002039894,-0.040249490,0.062114740
2021-09-21,0.018129559,-0.022479090,-0.036310166
2021-09-22,-0.000901933,0.012898204,-0.007081965
2021-09-23,0.014939731,0.006196699,0.026280639
2021-09-24,0.012223423,-0.001299417,0.024472724
2021-09-27,-0.024208381,0.039479576,-0.024893733
2021-09-28,-0.019783312,0.008005444,-0.009657572
2021-09-29,0.003052590,-0.024692113,-0.011984486
2021-09-30,-0.010075372,0.007519572,-0.000661015
2021-10-01,-0.005999240,-0.001290037,0.033741208
2021-10-04,0.008167418,0.056753558,0.018468613
2021-10-05,0.008369352,0.039212678,-0.008396189
2021-10-06,-0.011371692,0.071349720,0.055443833
2021-10-07,0.010426907,0.050981898,0.029899626
2021-10-08,0.019426361,0.039576633,-0.018359360
2021-10-11,-0.019085202,-0.021326540,0.000176454
2021-10-12,-0.003429981,0.009366064,-0.025534256
2021-10-13,0.014271683,0.023156363,0.007647822
2021-10-14,0.003832231,0.108494918,0.022850949
2021-10-18,0.044528646,0.075802437,0.009321098
2021-10-19,0.016739670,-0.071941461,-0.004581882
2021-10-20,-0.010866311,-0.187081204,-0.017569383
2021-10-21,-0.027020253,0.031323677,-0.043333306
2021-10-22,-0.019302583,0.010780064,0.020503748
2021-10-25,-0.007122921,-0.129841795,-0.036984171
2021-10-26,-0.002254750,0.041555377,0.011533429
2021-10-27,0.014820685,-0.014166362,-0.001540161
2021-10-28,-0.014488521,0.105891999,0.005172886
2021-10-29,-0.021216048,-0.074220020,-0.004273030
2021-11-01,0.019367441,0.011528911,0.017352723
2021-11-02,-0.001264683,-0.008475071,0.017650849
2021-11-03,0.002709215,-0.033423763,0.018167197
2021-11-04,0.003641675,0.002927394,0.004846448
2021-11-08,0.016854948,0.012891427,-0.005715389
2021-11-09,0.002877698,0.027796151,0.013816720
2021-11-10,-0.001348623,-0.007184607,0.022352456
2021-11-11,-0.003936428,-0.003000515,0.028337856
2021-11-12,0.027058155,0.020712839,-0.005923997
2021-11-15,0.003904097,0.044574260,0.010156012
2021-11-16,0.002881697,0.019537263,-0.003013870
2021-11-17,-0.002706075,-0.018945782,-0.000644003
2021-11-18,-0.004503582,-0.014331510,-0.030985140
2021-11-22,-0.011239744,-0.004378851,-0.056480099
2021-11-23,-0.012788450,0.006822654,0.001434607
2021-11-24,-0.023547713,-0.033602151,-0.004338894
2021-11-25,0.015566052,0.003187297,-0.010170885
2021-11-26,-0.017852996,-0.049101728,-0.018971266
2021-11-29,0.002778324,-0.057408421,-0.027208744
2021-11-30,0.009608895,0.024942042,0.018012590
2021-12-01,0.001313754,0.021128073,0.017607481
2021-12-02,0.019447184,0.011453892,0.016367914
2021-12-03,-0.007264379,-0.001643806,-0.013796563
2021-12-06,-0.023191495,-0.022563727,-0.033134071
2021-12-07,0.009644296,0.027015178,0.034427388
2021-12-08,0.024362429,0.034445096,-0.001398744
2021-12-09,0.005760387,0.006401165,0.009083346
2021-12-10,-0.002381667,0.001283814,0.008471599
2021-12-13,-0.008298977,0.000874177,-0.020037555
2021-12-14,0.004298856,-0.004250639,0.025248405
2021-12-15,-0.010244598,-0.004502633,-0.025656140
2021-12-16,0.021566155,0.001116086,0.007064347
2021-12-17,0.027799729,-0.023176670,-0.029827887
2021-12-20,-0.012054783,-0.046011589,-0.052131231
2021-12-21,0.007059843,0.026004313,0.000128859
2021-12-22,0.007231163,0.030684259,0.007755985
2021-12-23,0.018030375,0.001905300,0.002620233
2021-12-24,0.003176154,-0.004932506,0.001821162
2021-12-27,0.001422068,0.002150010,-0.010343556
2021-12-28,0.011708585,0.029201430,0.015613232
2021-12-29,-0.001297644,-0.016386826,0.032193304
2021-12-30,0.003871511,-0.019249987,0.018757303
2021-12-31,-0.002694337,-0.001500600,0.009261904
2022-01-03,0.005668097,0.016711781,0.004371149
2022-01-04,0.000368760,0.002838011,0.014269612
2022-01-05,-0.028697048,-0.008784874,-0.002333687
2022-01-06,-0.014555593,0.003152539,-0.015132969
2022-01-07,-0.001925404,0.020990231,-0.012598855
2022-01-10,0.020090365,0.014518845,0.033347483
2022-01-11,0.002620546,-0.012650968,-0.009043992
2022-01-12,0.011775154,-0.001333516,0.029526432
2022-01-13,0.010306585,0.008011639,0.047046973
2022-01-14,0.017160442,0.039797255,-0.014019604
2022-01-17,0.005260852,-0.005926704,0.013640700
2022-01-18,-0.009667440,-0.040396725,-0.003407307
2022-01-19,-0.027957803,0.017245426,0.094247481
2022-01-20,-0.023218498,0.005080212,0.064953985
2022-01-21,-0.020836761,-0.021240358,-0.030920065
2022-01-24,-0.027384165,-0.060229805,-0.022220061
2022-01-25,-0.008435067,0.024820988,0.019671339
2022-01-27,-0.025288185,-0.019399971,-0.028561718
2022-01-28,0.004527568,0.037847123,0.029967810
2022-01-31,0.029652474,0.027705452,0.059054900
2022-02-01,0.020648600,-0.012787991,-0.018731884
2022-02-02,0.008492947,0.004667989,0.002364401
2022-02-03,-0.027166878,-0.000290394,-0.025212149
2022-02-04,0.001466697,-0.005693399,0.017953441
2022-02-07,-0.014990510,-0.023546625,0.028990681
2022-02-08,0.001341136,0.002932039,-0.003200203
2022-02-09,0.011646188,0.014199659,0.006841233
2022-02-10,0.018592026,-0.004764972,-0.008359755
2022-02-11,-0.027266049,-0.017909946,-0.027092430
2022-02-14,-0.022743792,-0.039000932,-0.065730777
2022-02-15,0.033319493,0.027744754,0.028894457
2022-02-16,-0.002847663,0.005484461,-0.015827453
2022-02-17,-0.004903940,-0.003818211,-0.008180324
2022-02-18,-0.010349082,-0.006692219,0.006374932
2022-02-21,0.013913706,-0.015863236,-0.036146303
2022-02-22,0.002108988,-0.017177057,-0.025568083
2022-02-23,0.004900972,0.031344986,0.006538772
2022-02-24,-0.037123076,-0.093694345,-0.080204414
2022-02-25,0.009802432,0.083937420,0.070076208
2022-02-28,0.012392305,0.011687470,-0.010446541
2022-03-02,-0.007460904,-0.000679543,0.020670523
2022-03-03,0.010600145,-0.011313012,0.014433037
2022-03-04,0.001423757,-0.065528697,0.002109796
2022-03-07,0.009603625,-0.039143526,-0.017808993
2022-03-08,0.022042116,0.000069621,0.002738502
2022-03-09,0.019767195,0.023675232,0.063946292
2022-03-10,0.006920919,0.031358395,0.002438125
2022-03-11,-0.002135946,-0.000461649,0.015855863
2022-03-14,0.037705791,-0.006466544,0.006803587
2022-03-15,-0.027185647,0.004715479,-0.024017868
2022-03-16,0.027238609,0.015666282,0.030861200
2022-03-17,-0.018418571,0.002863667,0.030270067
2022-03-21,-0.000835720,0.000389367,-0.003767619
2022-03-22,0.018536993,-0.006422331,0.014702022
2022-03-23,-0.007947441,0.000848817,0.023879868
2022-03-24,0.007637218,0.007893519,-0.011063455
2022-03-25,-0.005379712,-0.003171537,0.109282402
2022-03-28,-0.001412179,-0.004934729,0.070785214
2022-03-29,0.006457109,0.001761796,-0.053417120
2022-03-30,0.009517471,0.028595639,0.051906700
2022-03-31,0.001523162,-0.018808152,-0.017411682
2022-04-01,-0.001730565,0.030334322,0.008218120
2022-04-04,-0.010821937,0.043222249,0.010872048
2022-04-05,-0.011604119,-0.012429489,-0.014578797
2022-04-06,-0.017328462,-0.036967185,0.001723381
2022-04-07,-0.009760219,-0.005303380,-0.016399406
2022-04-08,0.001987839,0.003300509,-0.007156041
2022-04-11,-0.026479625,0.013981209,0.002987864
2022-04-12,-0.013642465,-0.022211190,-0.034656776
2022-04-13,0.003500874,-0.004211317,-0.003026452
2022-04-18,-0.072717407,-0.016788384,-0.067731771
2022-04-19,-0.036635021,-0.018834739,-0.015711499
2022-04-20,0.016453234,-0.006841613,0.014889908
2022-04-21,0.019588146,0.016118310,0.012314753
2022-04-22,-0.020601740,-0.005857977,0.057459326
2022-04-25,-0.015358400,-0.012711912,-0.041708554
2022-04-26,0.012747437,0.020721583,-0.020856719
2022-04-27,-0.017836781,-0.016490360,0.017660522
2022-04-28,0.019191091,0.011890480,-0.017209958
2022-04-29,-0.009509622,-0.015117523,-0.012430675
2022-05-02,-0.016937290,-0.011327853,-0.009521043
2022-05-04,-0.003536633,-0.021491493,0.013587931
2022-05-05,0.032301113,-0.006166441,0.006391075
2022-05-06,-0.026685202,-0.017638070,-0.040658326
2022-05-09,0.017824157,-0.019586954,-0.037386813
2022-05-10,-0.011048477,-0.017372421,-0.056950676
2022-05-11,-0.016902769,-0.031896905,0.008333671
2022-05-12,-0.011756968,-0.055470938,0.001746089
2022-05-13,-0.002916241,0.050189258,0.145566113
2022-05-16,-0.010170199,0.002991734,0.029733791
2022-05-17,0.019709875,0.044971356,0.009407523
2022-05-18,-0.006091738,-0.016687438,0.029295387
2022-05-19,-0.054366505,-0.025158205,-0.020882491
2022-05-20,0.019619521,0.011300335,0.018265495
2022-05-23,0.009105590,-0.013590034,0.015376064
2022-05-24,-0.018659782,-0.003214659,-0.009874980
2022-05-25,-0.021200589,-0.005682273,-0.039752191
2022-05-26,0.009571414,-0.012433374,0.016875560
2022-05-27,0.026264986,0.020409740,0.009523857
2022-05-30,0.044787405,0.065368937,-0.031210664
2022-05-31,-0.015195227,-0.003524604,0.037688587
2022-06-01,-0.016659968,-0.007002145,0.026834234
2022-06-02,0.019918129,-0.021372510,0.002690029
2022-06-03,0.009084848,-0.011439537,-0.022696393
2022-06-06,0.005487349,-0.011271415,0.031179989
2022-06-07,-0.015261003,-0.004863979,-0.008957929
2022-06-08,-0.004446772,-0.010844716,-0.001090628
2022-06-09,0.010000000,0.002933947,0.009832722
2022-06-10,-0.025214489,-0.007467246,-0.010432873
2022-06-13,-0.035414442,-0.027922127,-0.016378243
2022-06-14,0.011267146,-0.005505485,-0.008892697
2022-06-15,-0.012738258,0.000240635,-0.027078439
2022-06-16,-0.017578400,-0.037298469,-0.020558480
2022-06-17,-0.007085530,-0.009581737,-0.022403910
2022-06-20,0.019354122,-0.033818418,-0.071420799
2022-06-21,0.025280203,0.044579845,0.040903671
2022-06-22,-0.008724756,-0.016754169,-0.007852679
2022-06-23,0.010575718,-0.000508627,0.039473861
2022-06-24,-0.007814366,0.011874470,0.000808969
2022-06-27,0.023246132,0.027661358,0.025306792
2022-06-28,0.003763765,0.011500796,0.005643438
2022-06-29,-0.011417778,-0.030481355,0.018620814
2022-06-30,-0.000922587,-0.041503803,-0.001930078
2022-07-01,0.011970723,0.005206525,-0.002264230
2022-07-04,0.005813151,-0.006560753,-0.008666520
2022-07-05,-0.008098151,-0.007907626,-0.009676505
2022-07-06,0.010637267,0.011298962,-0.003667295
2022-07-07,0.004726261,0.009267341,0.013675929
2022-07-08,0.010509108,0.010898439,-0.011103688
2022-07-11,-0.027270579,0.006621433,0.006611924
2022-07-12,-0.023453177,-0.004469597,-0.010937112
2022-07-13,0.004066436,0.004320183,-0.030987698
2022-07-14,-0.010799942,-0.011977018,0.011431116
2022-07-15,0.001049795,0.009475820,0.033469918
2022-07-18,0.041633201,0.021564482,0.005390381
2022-07-19,-0.003859319,0.006208609,-0.003041677
2022-07-20,0.020988461,0.000658205,0.004257730
2022-07-21,0.011614845,-0.000493378,0.010167862
2022-07-22,-0.017352714,0.003125811,0.023181192
2022-07-25,-0.001792520,-0.017138191,0.017063614
2022-07-26,-0.034882916,-0.005422994,-0.019708371
2022-07-27,0.013713279,0.008220827,0.014363866
2022-07-28,0.031508088,0.002579230,0.009267291
2022-07-29,0.021286363,0.057427346,0.015192734
2022-08-01,0.000871200,0.007534215,0.003515492
2022-08-02,-0.004803245,0.009425125,-0.009041765
2022-08-03,0.014576315,-0.008951289,0.022975648
2022-08-04,0.021582305,-0.004905433,0.013167018
2022-08-05,0.010469404,0.005242529,0.039288958
2022-08-08,0.001701048,0.025142095,0.026491695
2022-08-10,-0.010466884,0.022247569,-0.009806199
2022-08-11,0.010920778,-0.004531008,0.003926480
2022-08-12,-0.015957268,-0.005446895,0.077842576
2022-08-16,0.001474170,0.002550847,0.033311989
2022-08-17,0.006138651,0.005238344,0.010000925
2022-08-18,-0.014505867,0.063277002,-0.006621494
2022-08-19,0.008939022,0.029405586,-0.044789302
2022-08-22,-0.013430563,-0.030810070,-0.034525933
2022-08-23,-0.021102402,0.003438613,-0.017361876
2022-08-24,-0.003176883,0.013077804,0.025185185
2022-08-25,-0.012585350,-0.010078680,-0.020728161
2022-08-26,0.002239584,0.002301289,-0.031853822
2022-08-29,-0.039302058,-0.037361769,-0.051144549
2022-08-30,0.021344246,0.027392328,0.016728994
2022-09-01,-0.019257176,-0.005205785,0.000116396
2022-09-02,-0.007649195,0.007920283,-0.034705033
2022-09-05,0.005712353,-0.002455623,0.019018589
2022-09-06,-0.004242847,-0.003657386,-0.002975303
2022-09-07,0.001752490,-0.002611854,-0.003758570
2022-09-08,0.012520152,0.011819628,-0.005310194
2022-09-09,0.024222508,-0.004196978,0.005749157
2022-09-12,0.016240483,0.013346446,0.007780667
2022-09-13,0.005695873,-0.001871587,0.022936480
2022-09-14,-0.045017592,-0.009861846,-0.019198609
2022-09-15,-0.028873508,0.016132427,-0.003303554
2022-09-16,-0.038909826,-0.029474669,-0.017439036
2022-09-19,0.009622018,-0.015647226,-0.003882961
2022-09-20,-0.001258721,0.020448012,0.023590153
2022-09-21,-0.008138021,-0.008213620,-0.009442154
2022-09-22,-0.006752622,0.000785390,0.019637130
2022-09-23,-0.001827552,-0.021543780,-0.014854407
2022-09-26,0.010838954,-0.031058601,-0.036388865
2022-09-27,0.009635971,0.018284460,-0.023240101
2022-09-28,0.000825160,0.005098577,0.010316142
2022-09-29,0.002832203,0.039553044,0.000730122
2022-09-30,0.010581580,-0.001414427,0.015168663
2022-10-03,-0.013937495,0.000212499,-0.028510678
2022-10-04,0.025578493,0.018551265,0.021269149
2022-10-06,0.018014551,0.016684046,0.010207013
2022-10-07,-0.002714547,0.005470085,-0.003020119
2022-10-10,0.007890073,-0.005508314,0.003994174
2022-10-11,-0.026561361,-0.007658692,-0.008655414
2022-10-12,0.003441426,-0.004547944,-0.017538396
2022-10-13,-0.006159395,0.002492023,-0.005717352
2022-10-14,0.038277326,-0.001726281,0.018369176
2022-10-17,0.010649450,0.007124610,-0.080650403
2022-10-18,0.009228498,0.004326956,-0.074285594
2022-10-19,-0.012136730,0.015933753,0.015205498
2022-10-20,0.010400938,-0.000201890,0.008278390
2022-10-21,-0.000266523,0.001211828,-0.015383599
2022-10-24,0.011562796,0.000336225,0.006610387
2022-10-25,0.005567133,-0.004571073,-0.016814183
2022-10-27,-0.001539735,0.001147996,-0.022723451
2022-10-28,-0.007021196,-0.002495752,-0.021002121
2022-10-31,0.016124252,0.002434390,0.017489382
2022-11-01,0.022989611,0.001416605,-0.005724864
2022-11-02,-0.012523809,0.017783782,-0.001811382
2022-11-03,-0.014517510,-0.005361027,-0.007280547
2022-11-04,-0.010942349,0.009448996,0.002234250
2022-11-07,-0.004326320,0.007119346,0.009901548
2022-11-09,0.002487645,-0.003469072,0.003303945
2022-11-10,-0.006120964,-0.022068950,-0.010543582
2022-11-11,0.045374365,0.004499934,0.005313514
2022-11-14,0.009680959,0.014709816,0.001831239
2022-11-15,0.005487889,-0.023919299,0.003641432
2022-11-16,0.005520733,-0.016877067,-0.007756395
2022-11-17,-0.009608201,-0.002334700,-0.014849511
2022-11-18,0.003779766,-0.011494302,0.007511092
2022-11-21,-0.015815283,-0.003551021,-0.005634859
2022-11-22,0.010744866,-0.000558960,-0.004230026
2022-11-23,-0.001198716,0.009298698,-0.013762068
2022-11-24,0.029466585,0.002424494,-0.016991431
2022-11-25,0.003589382,-0.002556805,0.024409267
2022-11-28,-0.007489377,0.005819609,0.002507393
2022-11-29,0.003480365,-0.003995074,-0.002236326
2022-11-30,0.003621682,0.018257278,0.033693368
2022-12-01,0.013547831,-0.005772888,0.008758589
2022-12-02,-0.011586478,-0.002527544,-0.005331105
2022-12-05,0.001129480,-0.001369675,-0.010314303
2022-12-06,-0.016374433,-0.017350109,-0.011025081
2022-12-07,-0.004588024,0.001186372,-0.006964727
2022-12-08,0.009124898,0.004670342,-0.000928825
2022-12-09,-0.031385967,0.002081454,-0.012385909
2022-12-12,-0.014082774,0.002423319,-0.007930919
2022-12-13,0.016125953,-0.001450543,-0.008913281
2022-12-14,0.004611519,0.016670192,-0.001718768
2022-12-15,-0.024629621,-0.062389488,-0.010700492
2022-12-16,-0.011879292,-0.024526470,-0.018464692
2022-12-19,-0.009755601,0.006918045,-0.011836267
2022-12-20,-0.000033122,-0.003915432,-0.006146382
2022-12-21,0.001492735,-0.030557050,-0.017682211
2022-12-22,0.008280613,-0.019279284,-0.024473655
2022-12-23,-0.016392413,-0.052578222,-0.035234963
2022-12-26,0.003540210,0.024372150,0.071099390
2022-12-27,0.008286709,0.017763826,0.028627862
2022-12-28,-0.003102586,0.008924379,-0.015485933
2022-12-29,0.004900192,-0.008923698,-0.011947143
2022-12-30,-0.006161311,0.010504738,0.004715172
2023-01-02,0.010476097,0.004142510,0.002306750
2023-01-03,-0.000951411,0.002646551,0.018451210
2023-01-04,-0.018226002,-0.013741132,-0.007340294
2023-01-05,-0.013112187,0.003069918,-0.012889390
2023-01-06,-0.018099208,-0.001412578,-0.014878892
2023-01-09,0.024818744,0.005265188,0.006151229
2023-01-10,-0.009902625,-0.004143158,-0.005166912
2023-01-11,0.001020582,0.005965912,0.002742024
2023-01-12,0.006355124,-0.000156030,-0.003241202
2023-01-13,0.015568046,0.001326740,0.007358831
2023-01-16,0.014531291,-0.002260346,0.001698121
2023-01-17,0.009177319,0.001718672,0.000303846
2023-01-18,0.003832429,-0.001559697,0.001302994
2023-01-19,-0.004206031,0.000234264,0.006187230
2023-01-20,-0.008675011,0.001796071,0.012163466
2023-01-23,0.014715971,0.002104569,0.043452079
2023-01-24,0.002519395,0.000622315,0.006520957
2023-01-25,-0.005734921,-0.024331505,-0.015174232
2023-01-27,-0.015456887,-0.025017946,0.010178546
2023-01-30,0.012934881,0.021247039,-0.012934524
2023-01-31,-0.003281810,0.018804514,0.008292650
2023-02-01,0.011312128,-0.013430707,-0.005359852
2023-02-02,0.021049594,0.003423333,-0.001349053
2023-02-03,0.009881625,-0.004363694,-0.002595545
2023-02-06,-0.018475708,0.011793711,0.014921330
2023-02-07,-0.004745646,0.002520337,0.003493643
2023-02-08,0.017985135,0.007620357,0.000799417
2023-02-09,0.016661427,0.015827264,-0.001896160
2023-02-10,-0.005225696,-0.011205753,-0.000224378
2023-02-13,-0.025551022,-0.006287430,-0.016712382
2023-02-14,0.016459887,0.003046418,0.003781162
2023-02-15,0.002385093,0.008099077,0.008056996
2023-02-16,0.002974234,0.003089996,0.005834601
2023-02-17,-0.011237358,0.001001192,-0.003864713
2023-02-20,0.005461486,-0.012386594,0.000600339
2023-02-21,-0.008132093,0.001090616,-0.000772458
2023-02-22,-0.011206047,-0.036183955,-0.021585890
2023-02-23,-0.007107247,-0.027450348,-0.005132011
2023-02-24,-0.000032196,0.009214657,0.004371979
2023-02-27,-0.026666220,-0.013161142,-0.023668578
2023-02-28,-0.014410653,0.015670625,-0.036084449
2023-03-01,0.005714093,0.003446822,0.010662006
2023-03-02,-0.015975418,-0.003516748,-0.007111079
2023-03-03,0.004856859,0.007797111,0.004211069
2023-03-06,0.019029204,0.003013236,0.009908557
2023-03-08,-0.009784736,0.003978584,0.016440534
2023-03-09,-0.008240053,-0.005175919,-0.008777387
2023-03-10,-0.005978097,-0.005040202,-0.005608994
2023-03-13,-0.024769849,-0.016831421,-0.018938059
2023-03-14,-0.010521898,0.002825483,-0.011164696
2023-03-15,-0.000246462,0.003812129,0.004214401
2023-03-16,-0.010953438,-0.003632481,0.004443179
2023-03-17,0.011822502,0.013588552,0.007178934
2023-03-20,-0.012001075,-0.011771457,-0.019654133
2023-03-21,-0.009225998,0.003805092,0.008570789
2023-03-22,-0.001042605,-0.003296251,-0.005632509
2023-03-23,-0.010581214,0.000661470,-0.002402782
2023-03-24,0.004437798,-0.008427722,-0.006646399
2023-03-27,0.006011608,-0.029914194,-0.007382521
2023-03-28,-0.008171623,-0.037622341,-0.005078571
2023-03-29,0.004319159,0.007675808,0.005045418
2023-03-31,0.032091287,0.014703256,0.000512134
2023-04-03,-0.011975192,-0.004364525,0.008759663
2023-04-05,0.009001718,-0.006400077,0.014622526
2023-04-06,-0.001159092,0.005735463,-0.005090879
2023-04-10,0.004008687,0.020003445,0.021909511
2023-04-11,-0.015025184,0.006193078,0.029059313
2023-04-12,0.015752249,-0.000854847,-0.000681618
2023-04-13,-0.027375269,0.014117043,-0.014654371
2023-04-17,-0.094226826,0.006749346,0.000994669
2023-04-18,0.000834401,0.011564508,0.012329553
2023-04-19,-0.021558761,0.005219160,-0.009438791
2023-04-20,-0.007141639,-0.008158912,-0.008807441
2023-04-21,0.003228668,0.002077275,0.004694776
2023-04-24,-0.000855442,0.000663390,-0.004465818
2023-04-25,-0.001141666,0.007457739,0.002918622
2023-04-26,0.002163462,0.000493482,0.003133356
2023-04-27,0.015233555,-0.003452871,0.045677467
2023-04-28,0.005215647,0.019303766,0.009941914
2023-05-02,0.019716584,0.014810657,-0.000052697
2023-05-03,-0.006497262,0.001196268,0.005298641
2023-05-04,0.003466907,0.006213102,0.006416101
2023-05-05,-0.011346294,-0.009816264,-0.009083036
2023-05-08,0.005162418,0.004317160,0.017874675
2023-05-09,0.004029690,-0.008756568,0.031367604
2023-05-10,-0.005862872,0.002730504,0.018578494
2023-05-11,-0.005660023,0.003684107,0.010741591
2023-05-12,-0.008677673,0.002952499,-0.016635757
2023-05-15,0.010560573,0.006205687,-0.006639731
2023-05-16,0.004728472,-0.009804621,0.011960307
2023-05-17,-0.013762576,-0.005430047,-0.002325884
2023-05-18,-0.000721809,-0.012685707,-0.014586226
2023-05-19,0.018378831,-0.007318859,0.004538567
2023-05-22,0.018835231,0.021545055,-0.013710730
2023-05-23,0.005607982,0.001363233,0.013280884
2023-05-24,-0.001076901,-0.008729002,0.001338505
2023-05-25,0.004389136,-0.000565578,0.032499314
2023-05-26,0.010043298,0.009376749,0.028384534
2023-05-29,-0.002315023,0.034275686,0.003729707
2023-05-30,0.007189556,-0.003097174,-0.009733246
2023-05-31,-0.004192263,0.008932039,-0.000060657
2023-06-01,0.000910226,0.000000000,0.028693494
2023-06-02,-0.015536188,-0.006235547,0.008049014
2023-06-05,0.004234026,-0.002788733,0.000285827
2023-06-06,-0.019547719,-0.001009903,-0.012165248
2023-06-07,0.007779477,0.015396616,0.011644395
2023-06-08,-0.004771250,-0.013631527,0.019706111
2023-06-09,-0.013135405,-0.005978224,-0.003448185
2023-06-12,0.020537937,0.008982269,0.005231772
2023-06-13,0.009984926,0.002631912,-0.000827130
2023-06-14,-0.003410317,-0.006331032,-0.013003069
2023-06-15,-0.010458301,-0.000777001,0.004729081
2023-06-16,0.003769020,0.034214619,-0.018795181
2023-06-19,0.001819360,0.004285678,0.005634644
2023-06-20,0.007264315,-0.005689883,0.011349389
2023-06-21,-0.003107295,-0.002560066,0.002612436
2023-06-22,-0.013699101,-0.026345516,-0.015852132
2023-06-23,-0.012914087,-0.026515794,-0.024167701
2023-06-26,0.004229230,0.007406856,0.003448273
2023-06-27,0.006927263,-0.002925189,0.005121401
2023-06-28,0.011101084,-0.002854405,0.005294016
2023-06-30,0.032589805,0.010019065,0.000309788
2023-07-03,-0.001347846,-0.003149110,-0.005561072
2023-07-04,0.008585194,-0.006949872,-0.004306746
2023-07-05,0.001598353,0.003022052,0.005223722
2023-07-06,-0.002523584,0.002695864,-0.002343385
2023-07-07,-0.010194265,-0.002609464,0.000836033
2023-07-10,-0.000789300,-0.023388566,-0.007213263
2023-07-11,0.014633376,0.005033245,-0.004554422
2023-07-12,-0.011345045,0.002746384,-0.002938342
2023-07-13,0.023850541,-0.004752718,0.018408721
2023-07-14,0.044575471,0.008255728,0.021498299
2023-07-17,-0.002103861,0.004334932,-0.001455228
2023-07-18,0.036719492,-0.004316221,-0.022896561
2023-07-19,-0.000169469,0.004254675,0.002141116
2023-07-20,-0.017254790,-0.000559514,-0.008546230
2023-07-21,-0.081338409,-0.003279290,-0.024478565
2023-07-24,0.003754881,-0.004493642,-0.007406786
2023-07-25,-0.001496334,-0.001370266,-0.003837846
2023-07-26,0.010677357,0.000887865,-0.000297406
2023-07-27,0.003187936,-0.000806452,0.000601881
2023-07-28,-0.009348575,0.017998425,-0.001106340
2023-07-31,0.011339016,0.015856655,-0.008812054
2023-08-01,0.007007450,0.003277883,0.003582689
2023-08-02,-0.006116302,-0.007779074,0.000299287
2023-08-03,0.005490712,0.035201900,-0.002553163
2023-08-04,0.010298268,-0.010072741,0.001897110
2023-08-07,0.010628668,0.000382526,-0.000633529
2023-08-08,-0.002010085,-0.017130640,-0.002215119
2023-08-09,0.003021201,0.009414952,-0.000286206
2023-08-10,-0.003800952,-0.003391678,-0.010495938
2023-08-11,-0.012418113,0.024827887,0.004086240
2023-08-14,0.015818109,-0.019396190,-0.005665058
2023-08-16,0.017903879,-0.012776184,-0.001109797
2023-08-17,-0.004899507,0.012083886,0.002066363
2023-08-18,-0.016117034,-0.008781316,-0.010176307
2023-08-21,0.011952747,0.011035088,0.001234263
2023-08-22,-0.001174060,0.001844753,0.001033235
2023-08-23,0.002991951,-0.003145601,0.011773862
2023-08-24,0.011115470,0.015315865,0.024188258
2023-08-25,-0.002458556,-0.002046659,0.003132489
2023-08-28,-0.003133548,0.030155679,0.009956886
2023-08-29,0.001412779,-0.008258334,0.001247628
2023-08-30,0.012344373,0.000074332,0.002532686
2023-08-31,0.000208987,-0.000817765,-0.020933351
2023-09-01,0.005851841,0.024330321,0.005105490
2023-09-04,0.014717596,0.021646001,0.004901046
2023-09-05,0.009419185,-0.001919625,0.011680647
2023-09-06,-0.000980508,0.009403014,-0.006630334
2023-09-07,-0.007614471,-0.001764291,0.005824965
2023-09-08,0.002318937,0.025874850,-0.004439707
2023-09-11,0.004661115,-0.011232808,0.004880360
2023-09-12,0.016695469,-0.040702552,-0.004768858
2023-09-13,-0.001831990,-0.001743697,-0.013906920
2023-09-14,0.005739630,0.013682713,0.006366665
2023-09-15,0.003085720,-0.001076967,-0.010395793
2023-09-18,-0.013098655,-0.009056347,0.007394967
2023-09-20,-0.001039046,-0.015666916,0.001886624
2023-09-21,0.007716826,-0.010684548,-0.002184323
2023-09-22,-0.003728967,-0.011842711,-0.004268503
2023-09-25,-0.014704408,0.038968926,0.001778107
2023-09-26,-0.009157820,-0.011099861,0.005937175
2023-09-27,0.004347363,0.000660277,-0.001258355
2023-09-28,-0.018779856,-0.014516164,-0.010093566
2023-09-29,-0.002778839,0.013018896,-0.000117612
2023-10-03,-0.001010102,0.033340696,-0.002276099
2023-10-04,0.007217556,0.000710682,0.009874174
2023-10-05,0.013223924,0.021873481,-0.003391932
2023-10-06,0.010420582,0.000486449,0.006276498
2023-10-09,-0.002197877,-0.023548225,-0.000458745
2023-10-10,0.013351909,0.004054971,0.008219854
2023-10-11,-0.000501622,-0.001558787,-0.006019486
2023-10-12,-0.019338881,-0.006173682,0.005495442
2023-10-13,-0.023439083,0.005569474,0.012025369
2023-10-16,0.002096216,-0.001136190,0.004473525
2023-10-17,0.005787349,0.015994882,-0.004239601
2023-10-18,-0.001317135,-0.015043381,0.021966704
2023-10-19,-0.004789854,-0.005967113,0.012505080
2023-10-20,-0.004464147,-0.010791178,-0.018126817
2023-10-23,-0.013032038,-0.037422287,-0.030134539
2023-10-25,-0.027402104,-0.012233599,0.028460604
2023-10-26,-0.007737015,-0.019755338,-0.010834631
2023-10-27,0.015373883,0.022168806,0.018503396
2023-10-30,-0.002390645,0.005990767,0.004952892
2023-10-31,-0.006281562,0.003090590,-0.001839160
2023-11-01,-0.010413622,-0.018787105,-0.018596271
2023-11-02,0.011815530,0.003752795,0.001803993
2023-11-03,0.013794128,0.012665936,0.016019968
2023-11-06,0.010258810,0.011904799,0.028173835
2023-11-07,0.000712606,0.014296316,0.043356377
2023-11-08,-0.009470945,-0.006166425,0.008780954
2023-11-09,-0.011646262,-0.009381054,-0.023292831
2023-11-10,-0.004327955,0.002833531,0.000515458
2023-11-13,0.003433592,-0.002156312,0.003941627
2023-11-15,0.026901059,0.009463452,0.013348939
2023-11-16,0.024388532,0.003395657,0.032264607
2023-11-17,-0.005086840,0.040756200,-0.018033818
2023-11-20,-0.000660897,-0.008553033,-0.002636387
2023-11-21,0.001670628,0.010908348,0.016723575
2023-11-22,0.013064662,-0.012624320,-0.003983000
2023-11-23,-0.005865035,0.000000000,-0.001114532
2023-11-24,-0.008176627,-0.010285731,-0.005465142
2023-11-28,0.003687162,0.005773672,-0.003401457
2023-11-29,0.011714165,0.005310006,0.009914234
2023-11-30,-0.003048748,0.007494647,-0.016182773
2023-12-01,-0.001958544,-0.006305366,0.020653620
2023-12-04,0.008297133,0.027876784,-0.002427827
2023-12-05,-0.007102144,-0.007976694,-0.001273408
2023-12-06,0.013996423,0.035519543,0.007441546
2023-12-07,-0.005697636,0.023362577,-0.010538658
2023-12-08,0.017224913,-0.010886778,0.000047746
2023-12-11,-0.001777168,0.016743364,0.009610547
2023-12-12,-0.008364092,0.011153392,0.053947064
2023-12-13,-0.018325970,0.009538069,-0.004847324
2023-12-14,0.036197344,0.016839097,0.014324864
2023-12-15,0.051250508,-0.012894270,0.007561970
2023-12-18,-0.008901449,0.125888520,0.003727799
2023-12-19,-0.003867374,0.003355459,-0.020533997
2023-12-20,-0.014053792,-0.075898372,-0.032851208
2023-12-21,-0.000260364,0.065141354,0.018830623
2023-12-22,0.017513036,-0.008465276,0.011424749
2023-12-26,-0.012124943,0.010337976,-0.001166835
2023-12-27,0.014994026,-0.002644272,-0.006636322
2023-12-28,-0.002839610,-0.003861644,-0.004947998
2023-12-29,-0.012638786,0.027020743,-0.000513819
2024-01-01,0.005476669,0.004901381,-0.001056726
2024-01-02,-0.010925937,-0.006335106,-0.003745340
2024-01-03,-0.028936407,0.014725782,-0.011926876
2024-01-04,0.015234866,0.002557674,0.003729352
2024-01-05,0.013122297,0.004825064,0.000717531
2024-01-08,-0.006361946,0.011756224,-0.007136282
2024-01-09,0.004268453,0.002454858,0.006925463
2024-01-10,-0.006146619,0.024923840,0.012940278
2024-01-11,-0.016909055,-0.001486699,-0.003957579
2024-01-12,0.079340151,0.011592071,0.001886317
2024-01-15,0.024399303,0.017031131,-0.002357677
2024-01-16,-0.012438670,-0.018348149,-0.012860512
2024-01-17,0.005301647,-0.015742654,-0.000784469
2024-01-18,0.001463251,-0.007970485,-0.033392219
2024-01-19,0.010105915,0.060986776,-0.000409158
2024-01-23,-0.010275993,-0.049247827,-0.013433921
2024-01-24,0.020247846,0.037686429,-0.052130994
2024-01-25,-0.003760325,-0.000309075,-0.013039962
2024-01-29,-0.007489066,0.011852005,0.003501966
2024-01-30,-0.003108792,-0.018079039,-0.012893189
2024-01-31,0.005722288,0.013640396,0.001362787
2024-02-01,-0.002318005,-0.014224339,0.004700762
2024-02-02,0.021906355,0.004360025,0.000013100
2024-02-05,-0.003631869,-0.021550363,-0.005234917
2024-02-06,0.025041490,0.019648207,0.015892620
2024-02-07,-0.020642373,-0.010878011,0.008851576
2024-02-08,-0.000974184,-0.010892929,-0.008183411
2024-02-09,-0.013444832,-0.005506382,-0.012560805
2024-02-12,0.006439632,-0.041580202,-0.017137764
2024-02-13,0.002648695,0.011498763,-0.007374749
2024-02-14,-0.010893175,0.020594211,-0.001847299
2024-02-15,0.006091721,0.023999126,0.005471447
2024-02-16,0.015092343,-0.011403023,0.005789671
2024-02-19,-0.001116577,0.006697483,0.025980036
2024-02-20,-0.008530666,0.005227321,0.008775843
2024-02-21,-0.017623469,-0.027471398,-0.003870685
2024-02-22,0.015583900,0.010694058,0.005789885
2024-02-23,-0.002676421,0.031208199,0.002727489
2024-02-26,-0.009959121,0.003679378,-0.013491533
2024-02-27,0.002078097,-0.016160702,-0.008602655
2024-02-28,0.004598476,-0.030123340,-0.006144831
2024-02-29,0.001585654,0.003625384,0.028629171
2024-03-01,-0.011470263,0.002048700,-0.008423939
2024-03-04,-0.010575936,0.009361898,-0.006758994
2024-03-05,-0.018751498,-0.002345429,-0.003958157
2024-03-06,0.006878337,-0.007213080,-0.007850020
2024-03-07,-0.000680101,0.008772428,0.011108506
2024-03-11,-0.009805423,0.001493773,0.002107548
2024-03-12,0.007715841,-0.018804565,-0.016753359
2024-03-13,-0.000960927,-0.043759148,-0.023911076
2024-03-14,0.026002249,0.020552973,0.045693148
2024-03-15,-0.011673652,0.015299026,-0.003052816
2024-03-18,-0.019186032,0.007013725,-0.000557909
2024-03-19,-0.025707467,-0.013603221,-0.008678787
2024-03-20,-0.004162798,-0.004964695,-0.010391783
2024-03-21,-0.000160777,0.036423079,0.019618871
2024-03-22,-0.029491205,-0.006472306,-0.005159155
2024-03-26,-0.010736622,0.000053826,0.003750815
2024-03-27,-0.005895587,0.001292072,-0.002463064
2024-03-28,0.009569750,-0.000268832,0.014378238
2024-04-01,-0.001735655,0.043508671,-0.005118732
2024-04-02,-0.008425541,0.034685320,-0.005622740
2024-04-03,-0.001483597,0.010808962,0.038452287
2024-04-04,0.004085994,-0.016261765,0.003700984
2024-04-05,-0.005111976,0.004808884,0.001750209
2024-04-08,-0.001622625,0.011815121,-0.014810529
2024-04-09,0.012290936,-0.004286535,-0.002827457
2024-04-10,0.007994162,0.012420197,-0.006746768
2024-04-12,-0.014633693,0.033870991,-0.011852041
2024-04-15,-0.011180317,-0.026615632,-0.029405127
2024-04-16,-0.036576693,-0.012676045,0.000564728
2024-04-18,0.003393580,-0.023119681,-0.004867185
2024-04-19,-0.005636780,-0.000956757,-0.005651691
2024-04-22,0.015234721,0.008114907,-0.001925929
2024-04-23,0.006735316,0.016249188,-0.005573707
2024-04-24,-0.008076833,0.008904839,-0.049363139
2024-04-25,0.005381759,0.002389499,0.009068085
2024-04-26,-0.005700547,0.016199554,0.001381510
2024-04-29,0.003146303,0.000766000,-0.000154863
2024-04-30,-0.009897160,-0.006218608,-0.007138259
2024-05-02,-0.004294180,0.016895354,0.014116805
2024-05-03,0.001307998,-0.003644890,-0.005551349
2024-05-06,0.006778207,-0.028742401,-0.003402847
2024-05-07,0.010554686,-0.028076709,0.007096993
2024-05-08,-0.009472849,0.014041280,-0.003117185
2024-05-09,0.008582638,-0.021192154,0.005038239
2024-05-10,-0.010176808,0.009583219,-0.003362995
2024-05-13,-0.001017666,-0.005424101,-0.008193718
2024-05-14,0.000878148,0.036863101,0.002708997
2024-05-15,-0.003334035,0.001948084,0.018918914
2024-05-16,0.023521973,0.011519930,0.010709972
2024-05-17,-0.006226943,0.051129218,0.008137419
2024-05-21,-0.007027643,0.019978147,-0.016320166
2024-05-22,0.014398790,0.009367532,-0.003771264
2024-05-23,0.012097865,-0.003463609,0.028426424
2024-05-24,-0.004957924,-0.011629915,-0.005615768
2024-05-27,0.004265920,-0.007033090,-0.007884852
2024-05-28,-0.002922437,-0.016481293,0.000423696
2024-05-29,-0.010974471,-0.037115643,-0.004057393
2024-05-31,-0.030359370,-0.021622445,-0.047440411